Date,Open,High,Low,Close,Volume,ExDividend,SplitRatio,AdjOpen,AdjHigh,AdjLow,AdjClose,AdjVolume
2018-03-27,1572.4,1575.96,1482.32,1497.05,6793279.0,0.0,1.0,1572.4,1575.96,1482.32,1497.05,6793279.0
2018-03-26,1530.0,1556.99,1499.25,1555.86,5547618.0,0.0,1.0,1530.0,1556.99,1499.25,1555.86,5547618.0
2018-03-23,1539.01,1549.02,1495.36,1495.56,7843966.0,0.0,1.0,1539.01,1549.02,1495.36,1495.56,7843966.0
2018-03-22,1565.47,1573.85,1542.4,1544.1,6177737.0,0.0,1.0,1565.47,1573.85,1542.4,1544.1,6177737.0
2018-03-21,1586.45,1590.0,1563.17,1581.86,4667291.0,0.0,1.0,1586.45,1590.0,1563.17,1581.86,4667291.0
2018-03-20,1550.34,1587.0,1545.41,1586.51,4507049.0,0.0,1.0,1550.34,1587.0,1545.41,1586.51,4507049.0
2018-03-19,1554.53,1561.66,1525.35,1544.93,6376619.0,0.0,1.0,1554.53,1561.66,1525.35,1544.93,6376619.0
2018-03-16,1583.45,1589.44,1567.5,1571.68,5145054.0,0.0,1.0,1583.45,1589.44,1567.5,1571.68,5145054.0
2018-03-15,1595.0,1596.91,1578.11,1582.32,4026744.0,0.0,1.0,1595.0,1596.91,1578.11,1582.32,4026744.0
2018-03-14,1597.0,1606.44,1590.89,1591.0,4164395.0,0.0,1.0,1597.0,1606.44,1590.89,1591.0,4164395.0
2018-03-13,1615.96,1617.54,1578.01,1588.18,6427066.0,0.0,1.0,1615.96,1617.54,1578.01,1588.18,6427066.0
2018-03-12,1592.6,1605.33,1586.7,1598.39,5115886.0,0.0,1.0,1592.6,1605.33,1586.7,1598.39,5115886.0
2018-03-09,1563.5,1578.94,1559.08,1578.89,4417059.0,0.0,1.0,1563.5,1578.94,1559.08,1578.89,4417059.0
2018-03-08,1550.0,1554.88,1545.25,1551.86,3512528.0,0.0,1.0,1550.0,1554.88,1545.25,1551.86,3512528.0
2018-03-07,1526.52,1545.9,1522.51,1545.0,4174123.0,0.0,1.0,1526.52,1545.9,1522.51,1545.0,4174123.0
2018-03-06,1533.2,1542.13,1528.0,1537.64,4561718.0,0.0,1.0,1533.2,1542.13,1528.0,1537.64,4561718.0
2018-03-05,1494.24,1525.38,1481.0,1523.61,5233934.0,0.0,1.0,1494.24,1525.38,1481.0,1523.61,5233934.0
2018-03-02,1469.1,1501.05,1455.01,1500.25,6587564.0,0.0,1.0,1469.1,1501.05,1455.01,1500.25,6587564.0
2018-03-01,1513.6,1518.49,1465.0,1493.45,6835230.0,0.0,1.0,1513.6,1518.49,1465.0,1493.45,6835230.0
2018-02-28,1519.51,1528.7,1512.0,1512.45,4426580.0,0.0,1.0,1519.51,1528.7,1512.0,1512.45,4426580.0
2018-02-27,1524.5,1526.78,1507.21,1511.98,4708378.0,0.0,1.0,1524.5,1526.78,1507.21,1511.98,4708378.0
2018-02-26,1509.2,1522.84,1507.0,1521.95,4909053.0,0.0,1.0,1509.2,1522.84,1507.0,1521.95,4909053.0
2018-02-23,1495.34,1500.0,1486.5,1500.0,4327008.0,0.0,1.0,1495.34,1500.0,1486.5,1500.0,4327008.0
2018-02-22,1495.36,1502.54,1475.76,1484.76,4732555.0,0.0,1.0,1495.36,1502.54,1475.76,1484.76,4732555.0
2018-02-21,1485.0,1503.49,1478.92,1482.92,6216694.0,0.0,1.0,1485.0,1503.49,1478.92,1482.92,6216694.0
2018-02-20,1446.49,1488.77,1446.49,1468.35,6388374.0,0.0,1.0,1446.49,1488.77,1446.49,1468.35,6388374.0
2018-02-16,1457.37,1465.8,1446.56,1448.69,4410879.0,0.0,1.0,1457.37,1465.8,1446.56,1448.69,4410879.0
2018-02-15,1466.89,1468.94,1436.84,1461.76,5598111.0,0.0,1.0,1466.89,1468.94,1436.84,1461.76,5598111.0
2018-02-14,1406.25,1452.06,1403.36,1451.05,5881238.0,0.0,1.0,1406.25,1452.06,1403.36,1451.05,5881238.0
2018-02-13,1385.93,1419.72,1383.53,1414.51,5858860.0,0.0,1.0,1385.93,1419.72,1383.53,1414.51,5858860.0
2018-02-12,1364.67,1393.81,1344.01,1386.23,6682214.0,0.0,1.0,1364.67,1393.81,1344.01,1386.23,6682214.0
2018-02-09,1373.49,1383.5,1265.93,1338.99,13787886.0,0.0,1.0,1373.49,1383.5,1265.93,1338.99,13787886.0
2018-02-08,1429.67,1433.75,1349.94,1350.47,8108560.0,0.0,1.0,1429.67,1433.75,1349.94,1350.47,8108560.0
2018-02-07,1449.0,1460.99,1415.15,1416.78,7066828.0,0.0,1.0,1449.0,1460.99,1415.15,1416.78,7066828.0
2018-02-06,1361.46,1443.99,1351.79,1442.84,10773963.0,0.0,1.0,1361.46,1443.99,1351.79,1442.84,10773963.0
2018-02-05,1402.62,1458.98,1320.72,1396.62,10756332.0,0.0,1.0,1402.62,1458.98,1320.72,1396.62,10756332.0
2018-02-02,1477.39,1498.0,1414.0,1431.0,10915962.0,0.0,1.0,1477.39,1498.0,1414.0,1431.0,10915962.0
2018-02-01,1445.0,1459.88,1385.14,1390.0,7812953.0,0.0,1.0,1445.0,1459.88,1385.14,1390.0,7812953.0
2018-01-31,1451.3,1472.58,1450.04,1451.65,6220396.0,0.0,1.0,1451.3,1472.58,1450.04,1451.65,6220396.0
2018-01-30,1403.17,1439.25,1392.0,1437.82,5736512.0,0.0,1.0,1403.17,1439.25,1392.0,1437.82,5736512.0
2018-01-29,1409.18,1431.39,1400.44,1417.68,5628992.0,0.0,1.0,1409.18,1431.39,1400.44,1417.68,5628992.0
2018-01-26,1392.01,1402.53,1380.91,1402.05,4584082.0,0.0,1.0,1392.01,1402.53,1380.91,1402.05,4584082.0
2018-01-25,1368.0,1378.34,1357.62,1377.95,4621862.0,0.0,1.0,1368.0,1378.34,1357.62,1377.95,4621862.0
2018-01-24,1374.82,1388.16,1338.0,1357.51,6730084.0,0.0,1.0,1374.82,1388.16,1338.0,1357.51,6730084.0
2018-01-23,1338.09,1364.9,1337.34,1362.54,5056764.0,0.0,1.0,1338.09,1364.9,1337.34,1362.54,5056764.0
2018-01-22,1297.17,1327.45,1296.66,1327.31,3970151.0,0.0,1.0,1297.17,1327.45,1296.66,1327.31,3970151.0
2018-01-19,1312.0,1313.0,1292.99,1294.58,4395070.0,0.0,1.0,1312.0,1313.0,1292.99,1294.58,4395070.0
2018-01-18,1293.95,1304.6,1284.02,1293.32,3941007.0,0.0,1.0,1293.95,1304.6,1284.02,1293.32,3941007.0
2018-01-17,1312.24,1314.0,1280.88,1295.0,5166748.0,0.0,1.0,1312.24,1314.0,1280.88,1295.0,5166748.0
2018-01-16,1323.0,1339.94,1292.3,1304.86,7111172.0,0.0,1.0,1323.0,1339.94,1292.3,1304.86,7111172.0
2018-01-12,1273.39,1305.76,1273.39,1305.2,5360681.0,0.0,1.0,1273.39,1305.76,1273.39,1305.2,5360681.0
2018-01-11,1259.74,1276.77,1256.46,1276.68,3075315.0,0.0,1.0,1259.74,1276.77,1256.46,1276.68,3075315.0
2018-01-10,1245.15,1254.33,1237.23,1254.33,2659507.0,0.0,1.0,1245.15,1254.33,1237.23,1254.33,2659507.0
2018-01-09,1256.9,1259.33,1241.76,1252.7,3646681.0,0.0,1.0,1256.9,1259.33,1241.76,1252.7,3646681.0
2018-01-08,1236.0,1253.08,1232.03,1246.87,4177533.0,0.0,1.0,1236.0,1253.08,1232.03,1246.87,4177533.0
2018-01-05,1217.51,1229.14,1210.0,1229.14,3430148.0,0.0,1.0,1217.51,1229.14,1210.0,1229.14,3430148.0
2018-01-04,1205.0,1215.87,1204.66,1209.59,3000366.0,0.0,1.0,1205.0,1215.87,1204.66,1209.59,3000366.0
2018-01-03,1188.3,1205.49,1188.3,1204.2,3044664.0,0.0,1.0,1188.3,1205.49,1188.3,1204.2,3044664.0
2018-01-02,1172.0,1190.0,1170.51,1189.01,2587899.0,0.0,1.0,1172.0,1190.0,1170.51,1189.01,2587899.0
2017-12-29,1182.35,1184.0,1167.5,1169.47,2625283.0,0.0,1.0,1182.35,1184.0,1167.5,1169.47,2625283.0
2017-12-28,1189.0,1190.1,1184.38,1186.1,1803460.0,0.0,1.0,1189.0,1190.1,1184.38,1186.1,1803460.0
2017-12-27,1179.91,1187.29,1175.61,1182.26,1779382.0,0.0,1.0,1179.91,1187.29,1175.61,1182.26,1779382.0
2017-12-26,1168.36,1178.32,1160.55,1176.76,1964871.0,0.0,1.0,1168.36,1178.32,1160.55,1176.76,1964871.0
2017-12-22,1172.08,1174.62,1167.83,1168.36,1553997.0,0.0,1.0,1172.08,1174.62,1167.83,1168.36,1553997.0
2017-12-21,1175.9,1179.17,1167.64,1174.76,2042448.0,0.0,1.0,1175.9,1179.17,1167.64,1174.76,2042448.0
2017-12-20,1190.5,1191.0,1176.0,1177.62,2318916.0,0.0,1.0,1190.5,1191.0,1176.0,1177.62,2318916.0
2017-12-19,1189.15,1192.97,1179.14,1187.38,2555235.0,0.0,1.0,1189.15,1192.97,1179.14,1187.38,2555235.0
2017-12-18,1187.37,1194.78,1180.91,1190.58,2767271.0,0.0,1.0,1187.37,1194.78,1180.91,1190.58,2767271.0
2017-12-15,1179.03,1182.75,1169.33,1179.14,4539895.0,0.0,1.0,1179.03,1182.75,1169.33,1179.14,4539895.0
2017-12-14,1163.71,1177.93,1162.45,1174.26,3069993.0,0.0,1.0,1163.71,1177.93,1162.45,1174.26,3069993.0
2017-12-13,1170.0,1170.87,1160.27,1164.13,2555053.0,0.0,1.0,1170.0,1170.87,1160.27,1164.13,2555053.0
2017-12-12,1166.51,1173.6,1161.61,1165.08,2197697.0,0.0,1.0,1166.51,1173.6,1161.61,1165.08,2197697.0
2017-12-11,1164.6,1169.9,1157.0,1168.92,2257922.0,0.0,1.0,1164.6,1169.9,1157.0,1168.92,2257922.0
2017-12-08,1170.4,1172.79,1157.1,1162.0,2957785.0,0.0,1.0,1170.4,1172.79,1157.1,1162.0,2957785.0
2017-12-07,1156.59,1163.19,1151.0,1159.79,2408323.0,0.0,1.0,1156.59,1163.19,1151.0,1159.79,2408323.0
2017-12-06,1137.99,1155.89,1136.08,1152.35,2756730.0,0.0,1.0,1137.99,1155.89,1136.08,1152.35,2756730.0
2017-12-05,1128.26,1159.27,1124.74,1141.57,4033184.0,0.0,1.0,1128.26,1159.27,1124.74,1141.57,4033184.0
2017-12-04,1173.85,1175.2,1128.0,1133.95,5872358.0,0.0,1.0,1173.85,1175.2,1128.0,1133.95,5872358.0
2017-12-01,1172.05,1179.65,1152.0,1162.35,4070722.0,0.0,1.0,1172.05,1179.65,1152.0,1162.35,4070722.0
2017-11-30,1167.1,1178.57,1160.0,1176.75,4406535.0,0.0,1.0,1167.1,1178.57,1160.0,1176.75,4406535.0
2017-11-29,1194.8,1194.8,1145.19,1161.27,9179567.0,0.0,1.0,1194.8,1194.8,1145.19,1161.27,9179567.0
2017-11-28,1204.88,1205.34,1188.52,1193.6,4463476.0,0.0,1.0,1204.88,1205.34,1188.52,1193.6,4463476.0
2017-11-27,1202.66,1213.41,1191.15,1195.83,6701343.0,0.0,1.0,1202.66,1213.41,1191.15,1195.83,6701343.0
2017-11-24,1160.7,1186.84,1160.7,1186.0,3526582.0,0.0,1.0,1160.7,1186.84,1160.7,1186.0,3526582.0
2017-11-22,1141.0,1160.27,1141.0,1156.16,3516336.0,0.0,1.0,1141.0,1160.27,1141.0,1156.16,3516336.0
2017-11-21,1132.86,1140.0,1128.2,1139.49,2449503.0,0.0,1.0,1132.86,1140.0,1128.2,1139.49,2449503.0
2017-11-20,1129.77,1133.42,1122.55,1126.31,2134381.0,0.0,1.0,1129.77,1133.42,1122.55,1126.31,2134381.0
2017-11-17,1138.28,1138.8,1125.81,1129.88,2333554.0,0.0,1.0,1138.28,1138.8,1125.81,1129.88,2333554.0
2017-11-16,1130.16,1138.16,1130.05,1137.29,2190456.0,0.0,1.0,1130.16,1138.16,1130.05,1137.29,2190456.0
2017-11-15,1127.01,1131.75,1121.63,1126.69,3897230.0,0.0,1.0,1127.01,1131.75,1121.63,1126.69,3897230.0
2017-11-14,1130.11,1138.0,1123.89,1136.84,3042295.0,0.0,1.0,1130.11,1138.0,1123.89,1136.84,3042295.0
2017-11-13,1123.0,1139.9,1122.34,1129.17,2897563.0,0.0,1.0,1123.0,1139.9,1122.34,1129.17,2897563.0
2017-11-10,1126.1,1131.75,1124.06,1125.35,2162985.0,0.0,1.0,1126.1,1131.75,1124.06,1125.35,2162985.0
2017-11-09,1125.96,1129.62,1115.77,1129.13,3661411.0,0.0,1.0,1125.96,1129.62,1115.77,1129.13,3661411.0
2017-11-07,1124.74,1130.6,1117.5,1123.17,2623474.0,0.0,1.0,1124.74,1130.6,1117.5,1123.17,2623474.0
2017-11-06,1109.15,1125.41,1108.77,1120.66,3313857.0,0.0,1.0,1109.15,1125.41,1108.77,1120.66,3313857.0
2017-11-03,1091.15,1112.68,1088.52,1111.6,3685172.0,0.0,1.0,1091.15,1112.68,1088.52,1111.6,3685172.0
2017-11-02,1097.81,1101.94,1086.87,1094.22,3658748.0,0.0,1.0,1097.81,1101.94,1086.87,1094.22,3658748.0
2017-11-01,1105.4,1108.97,1096.74,1103.68,3723680.0,0.0,1.0,1105.4,1108.97,1096.74,1103.68,3723680.0
2017-10-31,1109.0,1110.54,1101.12,1105.28,3428461.0,0.0,1.0,1109.0,1110.54,1101.12,1105.28,3428461.0
2017-10-30,1095.01,1122.79,1093.56,1110.85,6516639.0,0.0,1.0,1095.01,1122.79,1093.56,1110.85,6516639.0
2017-10-27,1058.14,1105.58,1050.55,1100.95,16360527.0,0.0,1.0,1058.14,1105.58,1050.55,1100.95,16360527.0
2017-10-26,980.33,982.9,968.55,972.43,3670282.0,0.0,1.0,980.33,982.9,968.55,972.43,3670282.0
2017-10-25,978.0,984.44,966.24,972.91,2969295.0,0.0,1.0,978.0,984.44,966.24,972.91,2969295.0
2017-10-24,969.0,979.85,965.0,975.9,2666782.0,0.0,1.0,969.0,979.85,965.0,975.9,2666782.0
2017-10-23,986.73,986.775,962.5,966.3,3465469.0,0.0,1.0,986.73,986.775,962.5,966.3,3465469.0
2017-10-20,993.53,994.62,982.0,982.91,2294145.0,0.0,1.0,993.53,994.62,982.0,982.91,2294145.0
2017-10-19,990.0,991.05,980.24,986.61,3040066.0,0.0,1.0,990.0,991.05,980.24,986.61,3040066.0
2017-10-18,1009.27,1022.31,996.55,997.0,2477357.0,0.0,1.0,1009.27,1022.31,996.55,997.0,2477357.0
2017-10-17,1005.59,1011.47,1004.38,1009.13,2307075.0,0.0,1.0,1005.59,1011.47,1004.38,1009.13,2307075.0
2017-10-16,1008.44,1009.57,1001.04,1006.34,1991556.0,0.0,1.0,1008.44,1009.57,1001.04,1006.34,1991556.0
2017-10-13,1007.0,1007.77,1001.03,1002.94,2399403.0,0.0,1.0,1007.0,1007.77,1001.03,1002.94,2399403.0
2017-10-12,996.81,1008.44,992.4,1000.93,4056172.0,0.0,1.0,996.81,1008.44,992.4,1000.93,4056172.0
2017-10-11,991.27,995.5,986.695,995.0,2310872.0,0.0,1.0,991.27,995.5,986.695,995.0,2310872.0
2017-10-10,996.67,997.95,980.0989999999999,987.2,3062820.0,0.0,1.0,996.67,997.95,980.0989999999999,987.2,3062820.0
2017-10-09,993.24,998.5,987.5,990.99,2927994.0,0.0,1.0,993.24,998.5,987.5,990.99,2927994.0
2017-10-06,975.64,995.75,975.64,989.58,3719840.0,0.0,1.0,975.64,995.75,975.64,989.58,3719840.0
2017-10-05,970.0,981.51,969.64,980.85,3119487.0,0.0,1.0,970.0,981.51,969.64,980.85,3119487.0
2017-10-04,954.21,967.79,954.05,965.45,2460721.0,0.0,1.0,954.21,967.79,954.05,965.45,2460721.0
2017-10-03,958.0,963.69,950.37,957.1,2643484.0,0.0,1.0,958.0,963.69,950.37,957.1,2643484.0
2017-10-02,964.0,967.305,952.1201,959.19,2415846.0,0.0,1.0,964.0,967.305,952.1201,959.19,2415846.0
2017-09-29,960.11,964.83,958.375,961.35,2411643.0,0.0,1.0,960.11,964.83,958.375,961.35,2411643.0
2017-09-28,951.86,959.7,950.1010000000001,956.4,2512567.0,0.0,1.0,951.86,959.7,950.1010000000001,956.4,2512567.0
2017-09-27,948.0,955.3,943.3,950.87,3111263.0,0.0,1.0,948.0,955.3,943.3,950.87,3111263.0
2017-09-26,945.49,948.63,931.75,938.6,3464183.0,0.0,1.0,945.49,948.63,931.75,938.6,3464183.0
2017-09-25,949.31,949.42,932.89,939.79,5065542.0,0.0,1.0,949.31,949.42,932.89,939.79,5065542.0
2017-09-22,961.01,965.61,954.42,955.1,2602418.0,0.0,1.0,961.01,965.61,954.42,955.1,2602418.0
2017-09-21,971.31,971.7,962.02,964.65,2252940.0,0.0,1.0,971.31,971.7,962.02,964.65,2252940.0
2017-09-20,971.79,974.81,962.1626,973.21,2727355.0,0.0,1.0,971.79,974.81,962.1626,973.21,2727355.0
2017-09-19,977.25,978.24,967.46,969.86,2614059.0,0.0,1.0,977.25,978.24,967.46,969.86,2614059.0
2017-09-18,990.4,992.7922,968.17,974.19,3376772.0,0.0,1.0,990.4,992.7922,968.17,974.19,3376772.0
2017-09-15,993.01,996.25,984.03,986.79,3697742.0,0.0,1.0,993.01,996.25,984.03,986.79,3697742.0
2017-09-14,996.8,998.56,987.74,992.21,3788472.0,0.0,1.0,996.8,998.56,987.74,992.21,3788472.0
2017-09-13,983.97,1000.0,979.42,999.6,3314978.0,0.0,1.0,983.97,1000.0,979.42,999.6,3314978.0
2017-09-12,983.27,984.6718,975.5169999999999,982.58,2444699.0,0.0,1.0,983.27,984.6718,975.5169999999999,982.58,2444699.0
2017-09-11,974.46,981.94,974.22,977.96,2134582.0,0.0,1.0,974.46,981.94,974.22,977.96,2134582.0
2017-09-08,979.1,979.88,963.47,965.9,2578269.0,0.0,1.0,979.1,979.88,963.47,965.9,2578269.0
2017-09-07,974.0,980.59,972.55,979.47,2536000.0,0.0,1.0,974.0,980.59,972.55,979.47,2536000.0
2017-09-06,968.32,971.84,960.6,967.8,2106605.0,0.0,1.0,968.32,971.84,960.6,967.8,2106605.0
2017-09-05,975.4,976.7699,960.37,965.27,2875228.0,0.0,1.0,975.4,976.7699,960.37,965.27,2875228.0
2017-09-01,984.2,984.5,976.875,978.25,2423132.0,0.0,1.0,984.2,984.5,976.875,978.25,2423132.0
2017-08-31,974.7,981.0,972.76,980.6,3280945.0,0.0,1.0,974.7,981.0,972.76,980.6,3280945.0
2017-08-30,958.44,969.41,956.9062,967.59,2860718.0,0.0,1.0,958.44,969.41,956.9062,967.59,2860718.0
2017-08-29,940.0,956.0,936.33,954.06,2853972.0,0.0,1.0,940.0,956.0,936.33,954.06,2853972.0
2017-08-28,946.54,953.0,942.25,946.02,2529087.0,0.0,1.0,946.54,953.0,942.25,946.02,2529087.0
2017-08-25,956.0,957.6210000000001,944.1,945.26,3292776.0,0.0,1.0,956.0,957.6210000000001,944.1,945.26,3292776.0
2017-08-24,957.42,959.0,941.14,952.45,5086748.0,0.0,1.0,957.42,959.0,941.14,952.45,5086748.0
2017-08-23,959.38,962.0,954.2,958.0,2590245.0,0.0,1.0,959.38,962.0,954.2,958.0,2590245.0
2017-08-22,955.52,967.93,955.495,966.9,2718261.0,0.0,1.0,955.52,967.93,955.495,966.9,2718261.0
2017-08-21,957.57,961.2,945.46,953.29,3008450.0,0.0,1.0,957.57,961.2,945.46,953.29,3008450.0
2017-08-18,961.4,965.43,954.65,958.47,3248677.0,0.0,1.0,961.4,965.43,954.65,958.47,3248677.0
2017-08-17,977.84,977.84,960.32,960.57,3396045.0,0.0,1.0,977.84,977.84,960.32,960.57,3396045.0
2017-08-16,981.65,986.4605,973.22,978.18,3096051.0,0.0,1.0,981.65,986.4605,973.22,978.18,3096051.0
2017-08-15,988.9,991.74,982.0,982.74,2513139.0,0.0,1.0,988.9,991.74,982.0,982.74,2513139.0
2017-08-14,978.41,985.5,976.19,983.3,3008007.0,0.0,1.0,978.41,985.5,976.19,983.3,3008007.0
2017-08-11,960.0,970.39,951.38,967.99,3431423.0,0.0,1.0,960.0,970.39,951.38,967.99,3431423.0
2017-08-10,976.295,979.86,954.68,956.92,5560388.0,0.0,1.0,976.295,979.86,954.68,956.92,5560388.0
2017-08-09,982.6,988.0,975.27,982.01,3434077.0,0.0,1.0,982.6,988.0,975.27,982.01,3434077.0
2017-08-08,994.35,996.28,985.79,989.84,2847527.0,0.0,1.0,994.35,996.28,985.79,989.84,2847527.0
2017-08-04,989.68,991.672,982.0,987.58,2704026.0,0.0,1.0,989.68,991.672,982.0,987.58,2704026.0
2017-08-03,999.47,999.5,984.59,986.92,3203134.0,0.0,1.0,999.47,999.5,984.59,986.92,3203134.0
2017-08-02,1001.77,1003.21,981.73,995.89,4017780.0,0.0,1.0,1001.77,1003.21,981.73,995.89,4017780.0
2017-08-01,996.11,1006.4,991.58,996.19,4421395.0,0.0,1.0,996.11,1006.4,991.58,996.19,4421395.0
2017-07-31,1019.05,1019.05,987.02,987.78,7246638.0,0.0,1.0,1019.05,1019.05,987.02,987.78,7246638.0
2017-07-28,1012.14,1032.85,1001.0,1020.04,7624498.0,0.0,1.0,1012.14,1032.85,1001.0,1020.04,7624498.0
2017-07-27,1069.55,1083.31,1040.18,1046.0,9905158.0,0.0,1.0,1069.55,1083.31,1040.18,1046.0,9905158.0
2017-07-26,1043.2,1053.2,1043.2,1052.8,2828980.0,0.0,1.0,1043.2,1053.2,1043.2,1052.8,2828980.0
2017-07-25,1038.05,1043.33,1032.48,1039.87,2432328.0,0.0,1.0,1038.05,1043.33,1032.48,1039.87,2432328.0
2017-07-24,1028.34,1043.01,1027.43,1038.95,3212499.0,0.0,1.0,1028.34,1043.01,1027.43,1038.95,3212499.0
2017-07-21,1021.28,1026.1,1011.0,1025.67,2677517.0,0.0,1.0,1021.28,1026.1,1011.0,1025.67,2677517.0
2017-07-20,1031.59,1034.97,1022.52,1028.7,2964341.0,0.0,1.0,1031.59,1034.97,1022.52,1028.7,2964341.0
2017-07-19,1025.0,1031.59,1022.5,1026.87,2936902.0,0.0,1.0,1025.0,1031.59,1022.5,1026.87,2936902.0
2017-07-18,1006.0,1026.03,1004.0,1024.38,3957892.0,0.0,1.0,1006.0,1026.03,1004.0,1024.38,3957892.0
2017-07-17,1004.69,1014.75,1003.81,1010.04,3636801.0,0.0,1.0,1004.69,1014.75,1003.81,1010.04,3636801.0
2017-07-14,1002.4,1004.45,996.89,1001.81,2066362.0,0.0,1.0,1002.4,1004.45,996.89,1001.81,2066362.0
2017-07-13,1004.62,1006.88,995.9,999.855,2864533.0,0.0,1.0,1004.62,1006.88,995.9,999.855,2864533.0
2017-07-12,1000.65,1008.55,998.1,1006.51,3491988.0,0.0,1.0,1000.65,1008.55,998.1,1006.51,3491988.0
2017-07-11,993.0,995.99,983.72,994.13,2947479.0,0.0,1.0,993.0,995.99,983.72,994.13,2947479.0
2017-07-10,985.0,999.4392,983.5,996.47,3462884.0,0.0,1.0,985.0,999.4392,983.5,996.47,3462884.0
2017-07-07,969.55,980.11,969.14,978.76,2582645.0,0.0,1.0,969.55,980.11,969.14,978.76,2582645.0
2017-07-06,964.66,974.4,959.02,965.14,3229378.0,0.0,1.0,964.66,974.4,959.02,965.14,3229378.0
2017-07-05,961.53,975.0,955.25,971.4,3587645.0,0.0,1.0,961.53,975.0,955.25,971.4,3587645.0
2017-07-03,972.79,974.49,951.0001,953.66,2908267.0,0.0,1.0,972.79,974.49,951.0001,953.66,2908267.0
2017-06-30,980.12,983.47,967.61,968.0,3309138.0,0.0,1.0,980.12,983.47,967.61,968.0,3309138.0
2017-06-29,979.0,987.56,965.25,975.93,4246765.0,0.0,1.0,979.0,987.56,965.25,975.93,4246765.0
2017-06-28,978.55,990.68,969.21,990.33,3708638.0,0.0,1.0,978.55,990.68,969.21,990.33,3708638.0
2017-06-27,990.69,998.8,976.0,976.78,3735360.0,0.0,1.0,990.69,998.8,976.0,976.78,3735360.0
2017-06-26,1008.5,1009.8,992.0,993.98,3347195.0,0.0,1.0,1008.5,1009.8,992.0,993.98,3347195.0
2017-06-23,1002.54,1004.62,998.02,1003.74,2645973.0,0.0,1.0,1002.54,1004.62,998.02,1003.74,2645973.0
2017-06-22,1002.23,1006.96,997.2,1001.3,2221035.0,0.0,1.0,1002.23,1006.96,997.2,1001.3,2221035.0
2017-06-21,998.7,1002.72,992.6518,1002.23,2892563.0,0.0,1.0,998.7,1002.72,992.6518,1002.23,2892563.0
2017-06-20,998.0,1004.88,992.02,992.59,4040990.0,0.0,1.0,998.0,1004.88,992.02,992.59,4040990.0
2017-06-19,1017.0,1017.0,989.9,995.17,4967600.0,0.0,1.0,1017.0,1017.0,989.9,995.17,4967600.0
2017-06-16,996.0,999.75,982.0,987.71,11314754.0,0.0,1.0,996.0,999.75,982.0,987.71,11314754.0
2017-06-15,958.7,965.73,950.86,964.17,5202147.0,0.0,1.0,958.7,965.73,950.86,964.17,5202147.0
2017-06-14,988.59,990.34,966.71,976.47,3943670.0,0.0,1.0,988.59,990.34,966.71,976.47,3943670.0
2017-06-13,977.99,984.5,966.1,980.79,4533933.0,0.0,1.0,977.99,984.5,966.1,980.79,4533933.0
2017-06-12,967.0,975.95,945.0,964.83,9393802.0,0.0,1.0,967.0,975.95,945.0,964.83,9393802.0
2017-06-09,1012.5,1012.99,927.0,978.31,7548854.0,0.0,1.0,1012.5,1012.99,927.0,978.31,7548854.0
2017-06-08,1012.06,1013.61,1006.11,1009.94,2724408.0,0.0,1.0,1012.06,1013.61,1006.11,1009.94,2724408.0
2017-06-07,1005.95,1010.25,1002.0,1010.07,2779551.0,0.0,1.0,1005.95,1010.25,1002.0,1010.07,2779551.0
2017-06-06,1012.0,1016.5,1001.25,1002.97,3298378.0,0.0,1.0,1012.0,1016.5,1001.25,1002.97,3298378.0
2017-06-05,1007.23,1013.21,1003.51,1011.34,2676857.0,0.0,1.0,1007.23,1013.21,1003.51,1011.34,2676857.0
2017-06-02,998.99,1008.48,995.67,1006.73,3714954.0,0.0,1.0,998.99,1008.48,995.67,1006.73,3714954.0
2017-06-01,998.59,998.99,991.37,995.95,2384298.0,0.0,1.0,998.59,998.99,991.37,995.95,2384298.0
2017-05-31,1000.0,1000.12,982.16,994.62,3912535.0,0.0,1.0,1000.0,1000.12,982.16,994.62,3912535.0
2017-05-30,996.51,1001.2,995.52,996.7,3245760.0,0.0,1.0,996.51,1001.2,995.52,996.7,3245760.0
2017-05-26,995.0,998.65,989.2491,995.78,3394090.0,0.0,1.0,995.0,998.65,989.2491,995.78,3394090.0
2017-05-25,984.85,999.0,982.11,993.38,4737390.0,0.0,1.0,984.85,999.0,982.11,993.38,4737390.0
2017-05-24,976.0,981.0,970.23,980.35,2407995.0,0.0,1.0,976.0,981.0,970.23,980.35,2407995.0
2017-05-23,975.02,975.2,966.85,971.54,2395510.0,0.0,1.0,975.02,975.2,966.85,971.54,2395510.0
2017-05-22,964.0,971.38,962.9,970.7,2613805.0,0.0,1.0,964.0,971.38,962.9,970.7,2613805.0
2017-05-19,962.84,968.92,959.72,959.84,3846299.0,0.0,1.0,962.84,968.92,959.72,959.84,3846299.0
2017-05-18,944.8,962.75,944.76,958.49,3876816.0,0.0,1.0,944.8,962.75,944.76,958.49,3876816.0
2017-05-17,954.7,960.3957,944.12,944.52,5073254.0,0.0,1.0,954.7,960.3957,944.12,944.52,5073254.0
2017-05-16,961.0,970.06,960.91,966.07,3050005.0,0.0,1.0,961.0,970.06,960.91,966.07,3050005.0
2017-05-15,958.73,963.15,956.055,957.97,4245856.0,0.0,1.0,958.73,963.15,956.055,957.97,4245856.0
2017-05-12,954.5,962.79,951.53,961.35,3605620.0,0.0,1.0,954.5,962.79,951.53,961.35,3605620.0
2017-05-11,945.11,950.29,940.775,947.62,2135393.0,0.0,1.0,945.11,950.29,940.775,947.62,2135393.0
2017-05-10,953.5,953.7499,945.0,948.95,2083441.0,0.0,1.0,953.5,953.7499,945.0,948.95,2083441.0
2017-05-09,952.8,957.89,950.2,952.82,3230630.0,0.0,1.0,952.8,957.89,950.2,952.82,3230630.0
2017-05-08,940.95,949.05,939.21,949.04,3370672.0,0.0,1.0,940.95,949.05,939.21,949.04,3370672.0
2017-05-05,940.52,940.79,930.3,934.15,2856585.0,0.0,1.0,940.52,940.79,930.3,934.15,2856585.0
2017-05-04,944.75,945.0,934.215,937.53,2380874.0,0.0,1.0,944.75,945.0,934.215,937.53,2380874.0
2017-05-03,946.0,946.0,935.9,941.03,3544234.0,0.0,1.0,946.0,946.0,935.9,941.03,3544234.0
2017-05-02,946.645,950.1,941.413,946.68,3800912.0,0.0,1.0,946.645,950.1,941.413,946.68,3800912.0
2017-05-01,927.8,954.4,927.8,948.43,5415793.0,0.0,1.0,927.8,954.4,927.8,948.43,5415793.0
2017-04-28,948.83,949.59,924.3335,924.99,7278819.0,0.0,1.0,948.83,949.59,924.3335,924.99,7278819.0
2017-04-27,914.39,921.86,912.11,918.76,4255693.0,0.0,1.0,914.39,921.86,912.11,918.76,4255693.0
2017-04-26,910.3,915.7489999999999,907.56,909.29,2562595.0,0.0,1.0,910.3,915.7489999999999,907.56,909.29,2562595.0
2017-04-25,907.04,909.48,903.0,907.62,3367734.0,0.0,1.0,907.04,909.48,903.0,907.62,3367734.0
2017-04-24,908.68,909.99,903.82,907.41,3118123.0,0.0,1.0,908.68,909.99,903.82,907.41,3118123.0
2017-04-21,902.67,903.65,896.77,898.53,2420494.0,0.0,1.0,902.67,903.65,896.77,898.53,2420494.0
2017-04-20,899.7,905.32,896.29,902.06,2814441.0,0.0,1.0,899.7,905.32,896.29,902.06,2814441.0
2017-04-19,907.84,910.5,897.3689999999999,899.2,2870242.0,0.0,1.0,907.84,910.5,897.3689999999999,899.2,2870242.0
2017-04-18,900.99,909.61,900.78,903.78,2999238.0,0.0,1.0,900.99,909.61,900.78,903.78,2999238.0
2017-04-17,887.5,902.38,887.5,901.99,2854673.0,0.0,1.0,887.5,902.38,887.5,901.99,2854673.0
2017-04-13,891.45,894.97,884.49,884.67,3174583.0,0.0,1.0,891.45,894.97,884.49,884.67,3174583.0
2017-04-12,903.09,904.09,895.2501,896.23,2456140.0,0.0,1.0,903.09,904.09,895.2501,896.23,2456140.0
2017-04-11,907.04,911.24,897.5,902.36,3012743.0,0.0,1.0,907.04,911.24,897.5,902.36,3012743.0
2017-04-10,899.63,908.51,899.0,907.04,3184301.0,0.0,1.0,899.63,908.51,899.0,907.04,3184301.0
2017-04-07,899.65,900.09,889.31,894.88,3707367.0,0.0,1.0,899.65,900.09,889.31,894.88,3707367.0
2017-04-06,913.8,917.1899,894.4927,898.28,6344065.0,0.0,1.0,913.8,917.1899,894.4927,898.28,6344065.0
2017-04-05,910.82,923.72,905.62,909.28,7508370.0,0.0,1.0,910.82,923.72,905.62,909.28,7508370.0
2017-04-04,891.5,908.5384,890.28,906.83,4984656.0,0.0,1.0,891.5,908.5384,890.28,906.83,4984656.0
2017-04-03,888.0,893.49,885.42,891.51,3422328.0,0.0,1.0,888.0,893.49,885.42,891.51,3422328.0
2017-03-31,877.0,890.35,876.65,886.54,3957612.0,0.0,1.0,877.0,890.35,876.65,886.54,3957612.0
2017-03-30,874.95,877.06,871.66,876.34,2762730.0,0.0,1.0,874.95,877.06,871.66,876.34,2762730.0
2017-03-29,859.05,876.438,859.02,874.32,4485770.0,0.0,1.0,859.05,876.438,859.02,874.32,4485770.0
2017-03-28,851.75,858.46,850.1,856.0,3041633.0,0.0,1.0,851.75,858.46,850.1,856.0,3041633.0
2017-03-27,838.07,850.3,833.5,846.82,2755775.0,0.0,1.0,838.07,850.3,833.5,846.82,2755775.0
2017-03-24,851.68,851.8,843.53,845.61,2138269.0,0.0,1.0,851.68,851.8,843.53,845.61,2138269.0
2017-03-23,848.2,850.89,844.8,847.38,1952964.0,0.0,1.0,848.2,850.89,844.8,847.38,1952964.0
2017-03-22,840.43,849.37,839.05,848.06,2658669.0,0.0,1.0,840.43,849.37,839.05,848.06,2658669.0
2017-03-21,858.84,862.795,841.31,843.2,4382852.0,0.0,1.0,858.84,862.795,841.31,843.2,4382852.0
2017-03-20,851.51,857.8,851.01,856.97,2282727.0,0.0,1.0,851.51,857.8,851.01,856.97,2282727.0
2017-03-17,853.49,853.83,850.64,852.31,3384403.0,0.0,1.0,853.49,853.83,850.64,852.31,3384403.0
2017-03-16,855.3,855.5,850.51,853.42,1842296.0,0.0,1.0,855.3,855.5,850.51,853.42,1842296.0
2017-03-15,854.33,854.45,847.11,852.97,2562176.0,0.0,1.0,854.33,854.45,847.11,852.97,2562176.0
2017-03-14,853.55,853.75,847.55,852.53,2130586.0,0.0,1.0,853.55,853.75,847.55,852.53,2130586.0
2017-03-13,851.77,855.69,851.71,854.59,1909672.0,0.0,1.0,851.77,855.69,851.71,854.59,1909672.0
2017-03-10,857.0,857.35,851.72,852.46,2436434.0,0.0,1.0,857.0,857.35,851.72,852.46,2436434.0
2017-03-09,851.0,856.3999,850.31,853.0,2048187.0,0.0,1.0,851.0,856.3999,850.31,853.0,2048187.0
2017-03-08,848.0,853.07,846.79,850.5,2288317.0,0.0,1.0,848.0,853.07,846.79,850.5,2288317.0
2017-03-07,845.48,848.46,843.75,846.02,2247554.0,0.0,1.0,845.48,848.46,843.75,846.02,2247554.0
2017-03-06,845.23,848.49,841.12,846.61,2610370.0,0.0,1.0,845.23,848.49,841.12,846.61,2610370.0
2017-03-03,847.2,851.985,846.27,849.88,1951575.0,0.0,1.0,847.2,851.985,846.27,849.88,1951575.0
2017-03-02,853.08,854.82,847.28,848.91,2132098.0,0.0,1.0,853.08,854.82,847.28,848.91,2132098.0
2017-03-01,853.05,854.83,849.01,853.08,2760083.0,0.0,1.0,853.05,854.83,849.01,853.08,2760083.0
2017-02-28,851.45,854.09,842.05,845.04,2793709.0,0.0,1.0,851.45,854.09,842.05,845.04,2793709.0
2017-02-27,842.38,852.5,839.67,848.64,2713627.0,0.0,1.0,842.38,852.5,839.67,848.64,2713627.0
2017-02-24,844.69,845.81,837.7501,845.24,3687963.0,0.0,1.0,844.69,845.81,837.7501,845.24,3687963.0
2017-02-23,857.57,860.86,848.0,852.19,3461984.0,0.0,1.0,857.57,860.86,848.0,852.19,3461984.0
2017-02-22,856.95,858.43,852.18,855.61,2616971.0,0.0,1.0,856.95,858.43,852.18,855.61,2616971.0
2017-02-21,848.84,857.98,847.25,856.44,3507742.0,0.0,1.0,848.84,857.98,847.25,856.44,3507742.0
2017-02-17,842.0,847.27,840.73,845.07,3112275.0,0.0,1.0,842.0,847.27,840.73,845.07,3112275.0
2017-02-16,841.84,845.0,839.375,844.14,2714667.0,0.0,1.0,841.84,845.0,839.375,844.14,2714667.0
2017-02-15,834.0,842.81,832.82,842.7,2968853.0,0.0,1.0,834.0,842.81,832.82,842.7,2968853.0
2017-02-14,837.0,838.31,831.4522,836.39,2792442.0,0.0,1.0,837.0,838.31,831.4522,836.39,2792442.0
2017-02-13,831.62,842.9999,828.55,836.53,4172618.0,0.0,1.0,831.62,842.9999,828.55,836.53,4172618.0
2017-02-10,823.82,828.0,822.85,827.46,2429609.0,0.0,1.0,823.82,828.0,822.85,827.46,2429609.0
2017-02-09,821.6,825.0,819.71,821.36,2484948.0,0.0,1.0,821.6,825.0,819.71,821.36,2484948.0
2017-02-08,812.69,821.4789999999999,812.5,819.71,2857985.0,0.0,1.0,812.69,821.4789999999999,812.5,819.71,2857985.0
2017-02-07,809.31,816.16,807.5,812.5,3466091.0,0.0,1.0,809.31,816.16,807.5,812.5,3466091.0
2017-02-06,809.8,810.72,803.0,807.64,3897301.0,0.0,1.0,809.8,810.72,803.0,807.64,3897301.0
2017-02-03,806.72,818.3,804.0,810.2,10868773.0,0.0,1.0,806.72,818.3,804.0,810.2,10868773.0
2017-02-02,836.59,842.49,828.26,839.95,7350492.0,0.0,1.0,836.59,842.49,828.26,839.95,7350492.0
2017-02-01,829.21,833.78,824.94,832.35,3850181.0,0.0,1.0,829.21,833.78,824.94,832.35,3850181.0
2017-01-31,823.75,826.99,819.56,823.48,3137196.0,0.0,1.0,823.75,826.99,819.56,823.48,3137196.0
2017-01-30,833.0,833.5,816.38,830.38,3747336.0,0.0,1.0,833.0,833.5,816.38,830.38,3747336.0
2017-01-27,839.0,839.7,829.44,835.77,2998700.0,0.0,1.0,839.0,839.7,829.44,835.77,2998700.0
2017-01-26,835.53,843.84,833.0,839.15,3586323.0,0.0,1.0,835.53,843.84,833.0,839.15,3586323.0
2017-01-25,825.79,837.4183,825.288,836.52,4023078.0,0.0,1.0,825.79,837.4183,825.288,836.52,4023078.0
2017-01-24,822.0,823.99,814.5,822.44,2971740.0,0.0,1.0,822.0,823.99,814.5,822.44,2971740.0
2017-01-23,806.8,818.5,805.08,817.88,2797474.0,0.0,1.0,806.8,818.5,805.08,817.88,2797474.0
2017-01-20,815.28,816.02,806.26,808.33,3376196.0,0.0,1.0,815.28,816.02,806.26,808.33,3376196.0
2017-01-19,810.0,813.51,807.32,809.04,2540784.0,0.0,1.0,810.0,813.51,807.32,809.04,2540784.0
2017-01-18,809.5,811.73,804.27,807.48,2354201.0,0.0,1.0,809.5,811.73,804.27,807.48,2354201.0
2017-01-17,815.7,816.0,803.44,809.72,3670529.0,0.0,1.0,815.7,816.0,803.44,809.72,3670529.0
2017-01-13,814.32,821.65,811.4,817.14,3791945.0,0.0,1.0,814.32,821.65,811.4,817.14,3791945.0
2017-01-12,800.31,814.13,799.5,813.64,4873922.0,0.0,1.0,800.31,814.13,799.5,813.64,4873922.0
2017-01-11,793.66,799.5,789.51,799.02,2992791.0,0.0,1.0,793.66,799.5,789.51,799.02,2992791.0
2017-01-10,796.6,798.0,789.5434,795.9,2558369.0,0.0,1.0,796.6,798.0,789.5434,795.9,2558369.0
2017-01-09,798.0,801.7742,791.77,796.92,3446109.0,0.0,1.0,798.0,801.7742,791.77,796.92,3446109.0
2017-01-06,782.36,799.44,778.48,795.99,5986234.0,0.0,1.0,782.36,799.44,778.48,795.99,5986234.0
2017-01-05,761.55,782.3999,760.2557,780.45,5830068.0,0.0,1.0,761.55,782.3999,760.2557,780.45,5830068.0
2017-01-04,758.39,759.68,754.2,757.18,2510526.0,0.0,1.0,758.39,759.68,754.2,757.18,2510526.0
2017-01-03,757.92,758.7595,747.7,753.67,3521066.0,0.0,1.0,757.92,758.7595,747.7,753.67,3521066.0
2016-12-30,766.47,767.3999,748.28,749.87,4139449.0,0.0,1.0,766.47,767.3999,748.28,749.87,4139449.0
2016-12-29,772.4,773.4,760.85,765.15,3158299.0,0.0,1.0,772.4,773.4,760.85,765.15,3158299.0
2016-12-28,776.25,780.0,770.5,772.13,3301025.0,0.0,1.0,776.25,780.0,770.5,772.13,3301025.0
2016-12-27,763.4,774.65,761.2,771.4,2638725.0,0.0,1.0,763.4,774.65,761.2,771.4,2638725.0
2016-12-23,764.55,766.5,757.99,760.59,1981616.0,0.0,1.0,764.55,766.5,757.99,760.59,1981616.0
2016-12-22,768.12,771.21,763.02,766.34,2543551.0,0.0,1.0,768.12,771.21,763.02,766.34,2543551.0
2016-12-21,770.0,771.22,765.7,770.6,2044629.0,0.0,1.0,770.0,771.22,765.7,770.6,2044629.0
2016-12-20,768.65,774.39,767.71,771.22,2703629.0,0.0,1.0,768.65,774.39,767.71,771.22,2703629.0
2016-12-19,758.89,770.5,756.16,766.0,3113240.0,0.0,1.0,758.89,770.5,756.16,766.0,3113240.0
2016-12-16,765.0,765.13,754.0,757.77,4848219.0,0.0,1.0,765.0,765.13,754.0,757.77,4848219.0
2016-12-15,766.28,769.1,760.31,761.0,3801927.0,0.0,1.0,766.28,769.1,760.31,761.0,3801927.0
2016-12-14,778.25,780.86,762.81,768.82,5454836.0,0.0,1.0,778.25,780.86,762.81,768.82,5454836.0
2016-12-13,764.96,782.46,762.0,774.34,5285288.0,0.0,1.0,764.96,782.46,762.0,774.34,5285288.0
2016-12-12,766.4,766.89,757.2,760.12,2963945.0,0.0,1.0,766.4,766.89,757.2,760.12,2963945.0
2016-12-09,770.0,770.25,765.34,768.66,2470923.0,0.0,1.0,770.0,770.25,765.34,768.66,2470923.0
2016-12-08,771.87,773.79,765.19,767.33,3189608.0,0.0,1.0,771.87,773.79,765.19,767.33,3189608.0
2016-12-07,764.55,770.42,755.82,770.42,3684906.0,0.0,1.0,764.55,770.42,755.82,770.42,3684906.0
2016-12-06,763.99,768.24,757.25,764.72,3794746.0,0.0,1.0,763.99,768.24,757.25,764.72,3794746.0
2016-12-05,745.0,761.49,742.0,759.36,4314723.0,0.0,1.0,745.0,761.49,742.0,759.36,4314723.0
2016-12-02,743.4,748.4903,736.7,740.34,3561307.0,0.0,1.0,743.4,748.4903,736.7,740.34,3561307.0
2016-12-01,752.41,753.37,738.03,743.65,4665993.0,0.0,1.0,752.41,753.37,738.03,743.65,4665993.0
2016-11-30,762.0,768.09,750.25,750.57,4625946.0,0.0,1.0,762.0,768.09,750.25,750.57,4625946.0
2016-11-29,768.0,769.89,761.32,762.52,3272344.0,0.0,1.0,768.0,769.89,761.32,762.52,3272344.0
2016-11-28,776.99,777.0,764.24,766.77,4438828.0,0.0,1.0,776.99,777.0,764.24,766.77,4438828.0
2016-11-25,786.5,786.75,777.9,780.37,1837068.0,0.0,1.0,786.5,786.75,777.9,780.37,1837068.0
2016-11-23,781.73,781.75,773.12,780.12,3540263.0,0.0,1.0,781.73,781.75,773.12,780.12,3540263.0
2016-11-22,788.17,792.4,781.0,785.33,5311320.0,0.0,1.0,788.17,792.4,781.0,785.33,5311320.0
2016-11-21,766.0,780.35,765.11,780.0,4614574.0,0.0,1.0,766.0,780.35,765.11,780.0,4614574.0
2016-11-18,761.0,767.74,757.6435,760.16,4373408.0,0.0,1.0,761.0,767.74,757.6435,760.16,4373408.0
2016-11-17,749.32,757.5,748.0,756.4,3690112.0,0.0,1.0,749.32,757.5,748.0,756.4,3690112.0
2016-11-16,718.0,749.87,735.61,746.49,3648791.0,0.0,1.0,718.0,749.87,735.61,746.49,3648791.0
2016-11-15,730.0,746.78,725.99,743.24,6755785.0,0.0,1.0,730.0,746.78,725.99,743.24,6755785.0
2016-11-14,745.51,746.0,710.1,719.07,7321344.0,0.0,1.0,745.51,746.0,710.1,719.07,7321344.0
2016-11-11,735.73,743.26,728.9,739.01,6622784.0,0.0,1.0,735.73,743.26,728.9,739.01,6622784.0
2016-11-10,778.81,778.83,717.7,742.38,12746994.0,0.0,1.0,778.81,778.83,717.7,742.38,12746994.0
2016-11-09,764.0,777.5,760.09,771.88,8562892.0,0.0,1.0,764.0,777.5,760.09,771.88,8562892.0
2016-11-08,784.97,791.7399,779.1,787.75,3412629.0,0.0,1.0,784.97,791.7399,779.1,787.75,3412629.0
2016-11-07,771.64,787.732,770.94,784.93,5984354.0,0.0,1.0,771.64,787.732,770.94,784.93,5984354.0
2016-11-04,762.79,766.0,753.2301,755.05,5122103.0,0.0,1.0,762.79,766.0,753.2301,755.05,5122103.0
2016-11-03,765.05,777.0,764.0,767.03,3872496.0,0.0,1.0,765.05,777.0,764.0,767.03,3872496.0
2016-11-02,783.93,784.75,763.55,765.56,5026504.0,0.0,1.0,783.93,784.75,763.55,765.56,5026504.0
2016-11-01,799.0,800.84,776.7130000000001,785.41,5305428.0,0.0,1.0,799.0,800.84,776.7130000000001,785.41,5305428.0
2016-10-31,781.03,793.7,780.11,789.82,5413326.0,0.0,1.0,781.03,793.7,780.11,789.82,5413326.0
2016-10-28,782.0,789.49,774.61,776.32,10841073.0,0.0,1.0,782.0,789.49,774.61,776.32,10841073.0
2016-10-27,831.24,831.72,815.43,818.36,7406385.0,0.0,1.0,831.24,831.72,815.43,818.36,7406385.0
2016-10-26,832.76,833.44,820.0,822.59,3998102.0,0.0,1.0,832.76,833.44,820.0,822.59,3998102.0
2016-10-25,839.3,843.09,833.22,835.18,3248358.0,0.0,1.0,839.3,843.09,833.22,835.18,3248358.0
2016-10-24,824.95,838.3,822.21,838.09,4060899.0,0.0,1.0,824.95,838.3,822.21,838.09,4060899.0
2016-10-21,809.36,819.42,809.0,818.99,2793015.0,0.0,1.0,809.36,819.42,809.0,818.99,2793015.0
2016-10-20,813.99,815.71,803.1,810.32,3151954.0,0.0,1.0,813.99,815.71,803.1,810.32,3151954.0
2016-10-19,820.4,820.67,815.17,817.69,2090706.0,0.0,1.0,820.4,820.67,815.17,817.69,2090706.0
2016-10-18,822.11,823.26,815.02,817.65,2512504.0,0.0,1.0,822.11,823.26,815.02,817.65,2512504.0
2016-10-17,821.5,822.0,811.68,812.95,3361492.0,0.0,1.0,821.5,822.0,811.68,812.95,3361492.0
2016-10-14,835.08,835.74,822.96,822.96,2999814.0,0.0,1.0,835.08,835.74,822.96,822.96,2999814.0
2016-10-13,829.0,831.8,821.21,829.28,3091387.0,0.0,1.0,829.0,831.8,821.21,829.28,3091387.0
2016-10-12,834.0,837.666,830.1,834.09,2380416.0,0.0,1.0,834.0,837.666,830.1,834.09,2380416.0
2016-10-11,841.02,841.29,828.35,831.0,3588180.0,0.0,1.0,841.02,841.29,828.35,831.0,3588180.0
2016-10-10,843.25,845.2,840.27,841.71,1827143.0,0.0,1.0,843.25,845.2,840.27,841.71,1827143.0
2016-10-07,845.79,845.95,837.45,839.43,2426228.0,0.0,1.0,845.79,845.95,837.45,839.43,2426228.0
2016-10-06,843.7,847.21,840.6,841.66,2684013.0,0.0,1.0,843.7,847.21,840.6,841.66,2684013.0
2016-10-05,838.0,845.67,836.12,844.36,3469055.0,0.0,1.0,838.0,845.67,836.12,844.36,3469055.0
2016-10-04,840.91,842.365,830.26,834.03,2950314.0,0.0,1.0,840.91,842.365,830.26,834.03,2950314.0
2016-10-03,836.0,839.86,831.25,836.74,2769448.0,0.0,1.0,836.0,839.86,831.25,836.74,2769448.0
2016-09-30,832.61,839.95,832.4,837.31,4430566.0,0.0,1.0,832.61,839.95,832.4,837.31,4430566.0
2016-09-29,828.26,837.5,824.63,829.05,4922248.0,0.0,1.0,828.26,837.5,824.63,829.05,4922248.0
2016-09-28,818.0,830.14,817.0337,828.72,4422078.0,0.0,1.0,818.0,830.14,817.0337,828.72,4422078.0
2016-09-27,801.85,816.64,801.11,816.11,3819600.0,0.0,1.0,801.85,816.64,801.11,816.11,3819600.0
2016-09-26,801.8,805.93,797.145,799.16,2651397.0,0.0,1.0,801.8,805.93,797.145,799.16,2651397.0
2016-09-23,803.13,807.75,802.12,805.75,2353511.0,0.0,1.0,803.13,807.75,802.12,805.75,2353511.0
2016-09-22,794.27,805.8889999999999,794.27,804.7,4078910.0,0.0,1.0,794.27,805.8889999999999,794.27,804.7,4078910.0
2016-09-21,783.25,790.69,779.01,789.74,2718644.0,0.0,1.0,783.25,790.69,779.01,789.74,2718644.0
2016-09-20,776.0,781.37,776.0,780.22,1937164.0,0.0,1.0,776.0,781.37,776.0,780.22,1937164.0
2016-09-19,779.97,781.94,771.0,775.1,2297221.0,0.0,1.0,779.97,781.94,771.0,775.1,2297221.0
2016-09-16,773.28,780.46,771.66,778.52,5499182.0,0.0,1.0,773.28,780.46,771.66,778.52,5499182.0
2016-09-15,762.0,770.87,757.58,769.69,3043534.0,0.0,1.0,762.0,770.87,757.58,769.69,3043534.0
2016-09-14,762.2,767.5,758.85,761.09,2531822.0,0.0,1.0,762.2,767.5,758.85,761.09,2531822.0
2016-09-13,768.77,769.89,759.05,761.01,3117224.0,0.0,1.0,768.77,769.89,759.05,761.01,3117224.0
2016-09-12,757.35,772.66,756.0,771.49,3124704.0,0.0,1.0,757.35,772.66,756.0,771.49,3124704.0
2016-09-09,779.36,781.0,760.11,760.14,4257344.0,0.0,1.0,779.36,781.0,760.11,760.14,4257344.0
2016-09-08,783.89,786.5,781.44,784.06,2030511.0,0.0,1.0,783.89,786.5,781.44,784.06,2030511.0
2016-09-07,789.53,790.79,784.33,784.48,2424622.0,0.0,1.0,789.53,790.79,784.33,784.48,2424622.0
2016-09-06,774.04,789.48,770.22,788.87,3719788.0,0.0,1.0,774.04,789.48,770.22,788.87,3719788.0
2016-09-02,774.11,776.0,771.7,772.44,2181792.0,0.0,1.0,774.11,776.0,771.7,772.44,2181792.0
2016-09-01,770.9,772.04,766.75,770.62,1792271.0,0.0,1.0,770.9,772.04,766.75,770.62,1792271.0
2016-08-31,766.6,769.64,764.0,769.16,1633789.0,0.0,1.0,766.6,769.64,764.0,769.16,1633789.0
2016-08-30,771.05,771.8358,765.56,767.58,1709158.0,0.0,1.0,771.05,771.8358,765.56,767.58,1709158.0
2016-08-29,768.72,774.98,768.6,771.29,2198560.0,0.0,1.0,768.72,774.98,768.6,771.29,2198560.0
2016-08-26,760.05,770.0,759.795,769.0,2776830.0,0.0,1.0,760.05,770.0,759.795,769.0,2776830.0
2016-08-25,756.0,760.56,754.7410000000001,759.22,1622992.0,0.0,1.0,756.0,760.56,754.7410000000001,759.22,1622992.0
2016-08-24,763.0,763.41,755.36,757.25,1744107.0,0.0,1.0,763.0,763.41,755.36,757.25,1744107.0
2016-08-23,763.31,764.7,761.0,762.45,1524131.0,0.0,1.0,763.31,764.7,761.0,762.45,1524131.0
2016-08-22,757.5,759.85,752.1,759.48,1679251.0,0.0,1.0,757.5,759.85,752.1,759.48,1679251.0
2016-08-19,761.9,762.49,756.89,757.31,2343237.0,0.0,1.0,761.9,762.49,756.89,757.31,2343237.0
2016-08-18,764.0,765.17,760.6,764.46,1458834.0,0.0,1.0,764.0,765.17,760.6,764.46,1458834.0
2016-08-17,764.41,765.22,759.199,764.63,1891116.0,0.0,1.0,764.41,765.22,759.199,764.63,1891116.0
2016-08-16,768.62,768.7317,763.82,764.04,1604561.0,0.0,1.0,768.62,768.7317,763.82,764.04,1604561.0
2016-08-15,771.9,772.04,767.71,768.49,2118521.0,0.0,1.0,771.9,772.04,767.71,768.49,2118521.0
2016-08-12,768.46,773.15,768.4225,772.56,1563318.0,0.0,1.0,768.46,773.15,768.4225,772.56,1563318.0
2016-08-11,769.94,773.75,769.12,771.24,2019740.0,0.0,1.0,769.94,773.75,769.12,771.24,2019740.0
2016-08-10,769.8,772.1,766.19,768.56,1604280.0,0.0,1.0,769.8,772.1,766.19,768.56,1604280.0
2016-08-09,767.39,772.6,766.9,768.31,1876091.0,0.0,1.0,767.39,772.6,766.9,768.31,1876091.0
2016-08-08,766.81,767.0,761.015,766.56,1986272.0,0.0,1.0,766.81,767.0,761.015,766.56,1986272.0
2016-08-05,764.81,768.47,763.09,765.98,2704391.0,0.0,1.0,764.81,768.47,763.09,765.98,2704391.0
2016-08-04,753.7,765.0,750.35,760.77,3178208.0,0.0,1.0,753.7,765.0,750.35,760.77,3178208.0
2016-08-03,757.06,758.89,752.25,754.64,3581525.0,0.0,1.0,757.06,758.89,752.25,754.64,3581525.0
2016-08-02,763.81,765.01,757.02,760.58,3603280.0,0.0,1.0,763.81,765.01,757.02,760.58,3603280.0
2016-08-01,759.87,770.5,757.06,767.74,3578205.0,0.0,1.0,759.87,770.5,757.06,767.74,3578205.0
2016-07-29,765.0,766.0,755.0,758.81,6777050.0,0.0,1.0,765.0,766.0,755.0,758.81,6777050.0
2016-07-28,745.98,753.36,739.7,752.61,7617580.0,0.0,1.0,745.98,753.36,739.7,752.61,7617580.0
2016-07-27,737.97,740.94,733.86,736.67,2913134.0,0.0,1.0,737.97,740.94,733.86,736.67,2913134.0
2016-07-26,742.71,743.13,732.7525,735.59,2529692.0,0.0,1.0,742.71,743.13,732.7525,735.59,2529692.0
2016-07-25,746.55,748.5,735.35,739.61,2679290.0,0.0,1.0,746.55,748.5,735.35,739.61,2679290.0
2016-07-22,747.79,751.28,743.53,744.86,2277711.0,0.0,1.0,747.79,751.28,743.53,744.86,2277711.0
2016-07-21,747.5,749.36,742.7918,744.43,2317072.0,0.0,1.0,747.5,749.36,742.7918,744.43,2317072.0
2016-07-20,744.0,746.25,740.7,745.72,2214023.0,0.0,1.0,744.0,746.25,740.7,745.72,2214023.0
2016-07-19,732.5,743.33,732.31,739.95,2216820.0,0.0,1.0,732.5,743.33,732.31,739.95,2216820.0
2016-07-18,735.49,741.5954,728.72,736.07,2954914.0,0.0,1.0,735.49,741.5954,728.72,736.07,2954914.0
2016-07-15,746.55,746.55,734.05,735.44,3121385.0,0.0,1.0,746.55,746.55,734.05,735.44,3121385.0
2016-07-14,748.86,749.04,739.02,741.2,2390472.0,0.0,1.0,748.86,749.04,739.02,741.2,2390472.0
2016-07-13,746.76,756.87,741.25,742.63,4142265.0,0.0,1.0,746.76,756.87,741.25,742.63,4142265.0
2016-07-12,756.86,757.34,740.33,748.21,5623657.0,0.0,1.0,756.86,757.34,740.33,748.21,5623657.0
2016-07-11,750.0,755.9,747.0,753.78,3195272.0,0.0,1.0,750.0,755.9,747.0,753.78,3195272.0
2016-07-08,740.14,746.1,738.0,745.81,3429217.0,0.0,1.0,740.14,746.1,738.0,745.81,3429217.0
2016-07-07,739.33,739.55,731.63,736.57,2945783.0,0.0,1.0,739.33,739.55,731.63,736.57,2945783.0
2016-07-06,725.71,737.77,722.58,737.61,3938249.0,0.0,1.0,725.71,737.77,722.58,737.61,3938249.0
2016-07-05,722.8,728.11,719.61,728.1,2431431.0,0.0,1.0,722.8,728.11,719.61,728.1,2431431.0
2016-07-01,717.32,728.0,716.54,725.68,2920423.0,0.0,1.0,717.32,728.0,716.54,725.68,2920423.0
2016-06-30,717.2,719.37,712.54,715.62,2855142.0,0.0,1.0,717.2,719.37,712.54,715.62,2855142.0
2016-06-29,715.75,719.5,713.54,715.6,3070052.0,0.0,1.0,715.75,719.5,713.54,715.6,3070052.0
2016-06-28,700.0,708.0,698.1714,707.95,4036957.0,0.0,1.0,700.0,708.0,698.1714,707.95,4036957.0
2016-06-27,692.01,696.8189,682.115,691.36,5584037.0,0.0,1.0,692.01,696.8189,682.115,691.36,5584037.0
2016-06-24,693.0,712.5292,692.2,698.96,7632511.0,0.0,1.0,693.0,712.5292,692.2,698.96,7632511.0
2016-06-23,715.5,722.12,712.5,722.08,2824974.0,0.0,1.0,715.5,722.12,712.5,722.08,2824974.0
2016-06-22,716.58,717.0,707.565,710.6,2260454.0,0.0,1.0,716.58,717.0,707.565,710.6,2260454.0
2016-06-21,715.72,718.4,712.721,715.82,2137534.0,0.0,1.0,715.72,718.4,712.721,715.82,2137534.0
2016-06-20,713.5,721.31,710.81,714.01,3677162.0,0.0,1.0,713.5,721.31,710.81,714.01,3677162.0
2016-06-17,718.19,718.2,699.18,706.39,5897788.0,0.0,1.0,718.19,718.2,699.18,706.39,5897788.0
2016-06-16,712.05,718.0,705.3,717.51,3097961.0,0.0,1.0,712.05,718.0,705.3,717.51,3097961.0
2016-06-15,722.0,722.56,713.3522,714.26,2709447.0,0.0,1.0,722.0,722.56,713.3522,714.26,2709447.0
2016-06-14,712.33,720.805,712.27,719.3,2506922.0,0.0,1.0,712.33,720.805,712.27,719.3,2506922.0
2016-06-13,714.01,721.99,711.16,715.24,3352201.0,0.0,1.0,714.01,721.99,711.16,715.24,3352201.0
2016-06-10,722.35,724.98,714.21,717.91,3425718.0,0.0,1.0,722.35,724.98,714.21,717.91,3425718.0
2016-06-09,723.1,728.91,722.3,727.65,2170318.0,0.0,1.0,723.1,728.91,722.3,727.65,2170318.0
2016-06-08,726.4,729.42,721.6,726.64,2223366.0,0.0,1.0,726.4,729.42,721.6,726.64,2223366.0
2016-06-07,729.89,730.0,720.55,723.74,2732463.0,0.0,1.0,729.89,730.0,720.55,723.74,2732463.0
2016-06-06,726.5,731.5,724.42,726.73,2704806.0,0.0,1.0,726.5,731.5,724.42,726.73,2704806.0
2016-06-03,726.74,727.0,718.43,725.54,3367306.0,0.0,1.0,726.74,727.0,718.43,725.54,3367306.0
2016-06-02,720.97,728.28,715.5001,728.24,3026583.0,0.0,1.0,720.97,728.28,715.5001,728.24,3026583.0
2016-06-01,720.9,726.43,718.22,719.44,3263107.0,0.0,1.0,720.9,726.43,718.22,719.44,3263107.0
2016-05-31,712.33,724.23,711.32,722.79,3618323.0,0.0,1.0,712.33,724.23,711.32,722.79,3618323.0
2016-05-27,715.0,716.6,711.1,712.24,2249164.0,0.0,1.0,715.0,716.6,711.1,712.24,2249164.0
2016-05-26,708.33,715.0,707.293,714.91,2446681.0,0.0,1.0,708.33,715.0,707.293,714.91,2446681.0
2016-05-25,708.0,710.86,705.5159,708.35,3276631.0,0.0,1.0,708.0,710.86,705.5159,708.35,3276631.0
2016-05-24,698.01,707.5,698.0,704.2,3033782.0,0.0,1.0,698.01,707.5,698.0,704.2,3033782.0
2016-05-23,704.25,706.0,696.42,696.75,2595082.0,0.0,1.0,704.25,706.0,696.42,696.75,2595082.0
2016-05-20,701.05,707.24,700.0,702.8,2916165.0,0.0,1.0,701.05,707.24,700.0,702.8,2916165.0
2016-05-19,691.88,699.4,689.56,698.52,3025566.0,0.0,1.0,691.88,699.4,689.56,698.52,3025566.0
2016-05-18,689.56,702.5399,688.76,697.45,4283189.0,0.0,1.0,689.56,702.5399,688.76,697.45,4283189.0
2016-05-17,709.9,714.47,693.91,695.27,5121357.0,0.0,1.0,709.9,714.47,693.91,695.27,5121357.0
2016-05-16,710.13,713.25,700.28,710.66,5432920.0,0.0,1.0,710.13,713.25,700.28,710.66,5432920.0
2016-05-13,714.64,719.25,706.51,709.92,4763419.0,0.0,1.0,714.64,719.25,706.51,709.92,4763419.0
2016-05-12,717.38,722.45,711.51,717.93,5048150.0,0.0,1.0,717.38,722.45,711.51,717.93,5048150.0
2016-05-11,705.79,719.0,701.65,713.23,7338196.0,0.0,1.0,705.79,719.0,701.65,713.23,7338196.0
2016-05-10,694.0,704.55,693.5,703.07,6105570.0,0.0,1.0,694.0,704.55,693.5,703.07,6105570.0
2016-05-09,673.95,686.98,671.41,679.75,3982161.0,0.0,1.0,673.95,686.98,671.41,679.75,3982161.0
2016-05-06,656.05,676.95,656.01,673.95,4365345.0,0.0,1.0,656.05,676.95,656.01,673.95,4365345.0
2016-05-05,673.31,676.49,656.0,659.09,4884114.0,0.0,1.0,673.31,676.49,656.0,659.09,4884114.0
2016-05-04,662.59,674.0,662.14,670.9,4635462.0,0.0,1.0,662.59,674.0,662.14,670.9,4635462.0
2016-05-03,677.36,680.3,670.43,671.32,4923351.0,0.0,1.0,677.36,680.3,670.43,671.32,4923351.0
2016-05-02,663.92,685.5,662.0251,683.85,6578517.0,0.0,1.0,663.92,685.5,662.0251,683.85,6578517.0
2016-04-29,666.0,669.98,654.0,659.59,10310739.0,0.0,1.0,666.0,669.98,654.0,659.59,10310739.0
2016-04-28,615.54,626.8,599.2,602.0,7872605.0,0.0,1.0,615.54,626.8,599.2,602.0,7872605.0
2016-04-27,611.8,615.95,601.28,606.57,4068767.0,0.0,1.0,611.8,615.95,601.28,606.57,4068767.0
2016-04-26,626.17,626.7549,614.88,616.88,2521433.0,0.0,1.0,626.17,626.7549,614.88,616.88,2521433.0
2016-04-25,616.61,626.98,616.2511,626.2,2682924.0,0.0,1.0,616.61,626.98,616.2511,626.2,2682924.0
2016-04-22,624.47,628.25,611.56,620.5,5083904.0,0.0,1.0,624.47,628.25,611.56,620.5,5083904.0
2016-04-21,631.0,637.82,628.5,631.0,2596298.0,0.0,1.0,631.0,637.82,628.5,631.0,2596298.0
2016-04-20,630.0,636.55,623.0,632.99,2609425.0,0.0,1.0,630.0,636.55,623.0,632.99,2609425.0
2016-04-19,637.14,638.01,620.8,627.9,4055870.0,0.0,1.0,637.14,638.01,620.8,627.9,4055870.0
2016-04-18,625.35,637.64,624.9603,635.35,4360883.0,0.0,1.0,625.35,637.64,624.9603,635.35,4360883.0
2016-04-15,621.92,626.77,618.11,625.89,2887681.0,0.0,1.0,621.92,626.77,618.11,625.89,2887681.0
2016-04-14,615.07,624.38,615.07,620.75,3512136.0,0.0,1.0,615.07,624.38,615.07,620.75,3512136.0
2016-04-13,607.68,616.81,605.29,614.82,4228349.0,0.0,1.0,607.68,616.81,605.29,614.82,4228349.0
2016-04-12,598.4,604.06,592.31,603.17,2641062.0,0.0,1.0,598.4,604.06,592.31,603.17,2641062.0
2016-04-11,596.14,604.0,594.91,595.93,2704267.0,0.0,1.0,596.14,604.0,594.91,595.93,2704267.0
2016-04-08,594.32,597.86,589.0,594.6,2591936.0,0.0,1.0,594.32,597.86,589.0,594.6,2591936.0
2016-04-07,598.76,599.6,589.08,591.43,3189037.0,0.0,1.0,598.76,599.6,589.08,591.43,3189037.0
2016-04-06,587.52,602.39,587.5,602.08,2849909.0,0.0,1.0,587.52,602.39,587.5,602.08,2849909.0
2016-04-05,590.77,593.47,585.25,586.14,2308884.0,0.0,1.0,590.77,593.47,585.25,586.14,2308884.0
2016-04-04,599.0,599.5,590.55,593.19,2470825.0,0.0,1.0,599.0,599.5,590.55,593.19,2470825.0
2016-04-01,590.49,599.03,588.3,598.5,2917386.0,0.0,1.0,590.49,599.03,588.3,598.5,2917386.0
2016-03-31,599.28,600.75,592.21,593.64,2681811.0,0.0,1.0,599.28,600.75,592.21,593.64,2681811.0
2016-03-30,596.71,603.24,595.0,598.69,3890461.0,0.0,1.0,596.71,603.24,595.0,598.69,3890461.0
2016-03-29,580.15,595.85,576.5,593.86,4392567.0,0.0,1.0,580.15,595.85,576.5,593.86,4392567.0
2016-03-28,584.4,584.75,575.56,579.87,3121522.0,0.0,1.0,584.4,584.75,575.56,579.87,3121522.0
2016-03-24,567.11,583.55,567.08,582.95,5185539.0,0.0,1.0,567.11,583.55,567.08,582.95,5185539.0
2016-03-23,561.0,572.48,558.1,569.63,3983720.0,0.0,1.0,561.0,572.48,558.1,569.63,3983720.0
2016-03-22,545.11,562.76,545.05,560.48,4000564.0,0.0,1.0,545.11,562.76,545.05,560.48,4000564.0
2016-03-21,548.91,555.24,538.58,553.98,5155732.0,0.0,1.0,548.91,555.24,538.58,553.98,5155732.0
2016-03-18,560.94,562.33,546.09,552.08,7296885.0,0.0,1.0,560.94,562.33,546.09,552.08,7296885.0
2016-03-17,569.51,571.4,555.01,559.44,5928105.0,0.0,1.0,569.51,571.4,555.01,559.44,5928105.0
2016-03-16,576.64,581.32,571.14,574.27,3537669.0,0.0,1.0,576.64,581.32,571.14,574.27,3537669.0
2016-03-15,571.0,581.52,567.0,577.02,3876821.0,0.0,1.0,571.0,581.52,567.0,577.02,3876821.0
2016-03-14,567.0,576.89,563.05,573.37,3454152.0,0.0,1.0,567.0,576.89,563.05,573.37,3454152.0
2016-03-11,566.95,570.06,562.73,569.61,3771310.0,0.0,1.0,566.95,570.06,562.73,569.61,3771310.0
2016-03-10,566.74,567.0,547.9,558.93,3919892.0,0.0,1.0,566.74,567.0,547.9,558.93,3919892.0
2016-03-09,559.56,560.35,550.125,559.47,4377283.0,0.0,1.0,559.56,560.35,550.125,559.47,4377283.0
2016-03-08,557.87,571.35,554.74,560.26,4679663.0,0.0,1.0,557.87,571.35,554.74,560.26,4679663.0
2016-03-07,573.54,573.63,555.55,562.8,4932527.0,0.0,1.0,573.54,573.63,555.55,562.8,4932527.0
2016-03-04,581.07,581.4,571.065,575.14,3416545.0,0.0,1.0,581.07,581.4,571.065,575.14,3416545.0
2016-03-03,577.96,579.866,573.11,577.49,2741292.0,0.0,1.0,577.96,579.866,573.11,577.49,2741292.0
2016-03-02,581.75,585.0,573.7,580.21,4582170.0,0.0,1.0,581.75,585.0,573.7,580.21,4582170.0
2016-03-01,556.29,579.25,556.0,579.04,5038452.0,0.0,1.0,556.29,579.25,556.0,579.04,5038452.0
2016-02-29,554.0,564.81,552.51,552.52,4145396.0,0.0,1.0,554.0,564.81,552.51,552.52,4145396.0
2016-02-26,560.12,562.5,553.17,555.23,4877039.0,0.0,1.0,560.12,562.5,553.17,555.23,4877039.0
2016-02-25,555.52,559.39,545.2946,555.15,4525463.0,0.0,1.0,555.52,559.39,545.2946,555.15,4525463.0
2016-02-24,545.75,554.27,533.1501,554.04,6231668.0,0.0,1.0,545.75,554.27,533.1501,554.04,6231668.0
2016-02-23,555.55,556.91,545.33,552.94,4050790.0,0.0,1.0,555.55,556.91,545.33,552.94,4050790.0
2016-02-22,542.2,560.65,541.08,559.5,5566553.0,0.0,1.0,542.2,560.65,541.08,559.5,5566553.0
2016-02-19,520.71,535.95,515.35,534.9,4974717.0,0.0,1.0,520.71,535.95,515.35,534.9,4974717.0
2016-02-18,541.19,541.2,523.73,525.0,4735008.0,0.0,1.0,541.19,541.2,523.73,525.0,4735008.0
2016-02-17,528.74,537.48,519.39,534.1,4824002.0,0.0,1.0,528.74,537.48,519.39,534.1,4824002.0
2016-02-16,519.48,524.45,511.66,521.1,5118500.0,0.0,1.0,519.48,524.45,511.66,521.1,5118500.0
2016-02-12,510.7,516.75,501.4932,507.08,5384787.0,0.0,1.0,510.7,516.75,501.4932,507.08,5384787.0
2016-02-11,491.17,509.3,484.0,503.82,7397393.0,0.0,1.0,491.17,509.3,484.0,503.82,7397393.0
2016-02-10,491.76,504.66,486.0,490.48,6786181.0,0.0,1.0,491.76,504.66,486.0,490.48,6786181.0
2016-02-09,478.01,498.38,474.0,482.07,7077915.0,0.0,1.0,478.01,498.38,474.0,482.07,7077915.0
2016-02-08,486.47,493.5,475.21,488.1,9825509.0,0.0,1.0,486.47,493.5,475.21,488.1,9825509.0
2016-02-05,529.28,529.45,499.19,502.13,9708929.0,0.0,1.0,529.28,529.45,499.19,502.13,9708929.0
2016-02-04,525.0,538.99,519.2201,536.26,6199070.0,0.0,1.0,525.0,538.99,519.2201,536.26,6199070.0
2016-02-03,553.5,556.0,521.9,531.07,10048709.0,0.0,1.0,553.5,556.0,521.9,531.07,10048709.0
2016-02-02,570.0,571.56,550.09,552.1,6312045.0,0.0,1.0,570.0,571.56,550.09,552.1,6312045.0
2016-02-01,578.15,581.8,570.31,574.81,6355123.0,0.0,1.0,578.15,581.8,570.31,574.81,6355123.0
2016-01-29,571.98,593.0,570.0,587.0,14677550.0,0.0,1.0,571.98,593.0,570.0,587.0,14677550.0
2016-01-28,608.37,638.06,597.55,635.35,14015171.0,0.0,1.0,608.37,638.06,597.55,635.35,14015171.0
2016-01-27,601.99,603.39,578.78,583.35,5152853.0,0.0,1.0,601.99,603.39,578.78,583.35,5152853.0
2016-01-26,603.45,604.5,590.38,601.25,3765655.0,0.0,1.0,603.45,604.5,590.38,601.25,3765655.0
2016-01-25,597.99,608.5,594.56,596.53,4396079.0,0.0,1.0,597.99,608.5,594.56,596.53,4396079.0
2016-01-22,588.73,600.1,584.1079,596.38,5120144.0,0.0,1.0,588.73,600.1,584.1079,596.38,5120144.0
2016-01-21,573.58,588.81,568.22,575.02,4952217.0,0.0,1.0,573.58,588.81,568.22,575.02,4952217.0
2016-01-20,564.36,578.45,547.18,571.77,7966406.0,0.0,1.0,564.36,578.45,547.18,571.77,7966406.0
2016-01-19,577.09,584.0,566.45,574.48,4807165.0,0.0,1.0,577.09,584.0,566.45,574.48,4807165.0
2016-01-15,572.24,584.62,565.3,570.18,7784523.0,0.0,1.0,572.24,584.62,565.3,570.18,7784523.0
2016-01-14,580.25,602.25,569.88,593.0,7237978.0,0.0,1.0,580.25,602.25,569.88,593.0,7237978.0
2016-01-13,620.88,620.88,579.16,581.81,7655239.0,0.0,1.0,620.88,620.88,579.16,581.81,7655239.0
2016-01-12,625.25,625.99,612.2415,617.89,4724100.0,0.0,1.0,625.25,625.99,612.2415,617.89,4724100.0
2016-01-11,612.48,619.85,598.57,617.74,4891551.0,0.0,1.0,612.48,619.85,598.57,617.74,4891551.0
2016-01-08,619.66,624.14,606.0,607.05,5512915.0,0.0,1.0,619.66,624.14,606.0,607.05,5512915.0
2016-01-07,621.8,630.0,605.21,607.94,7074915.0,0.0,1.0,621.8,630.0,605.21,607.94,7074915.0
2016-01-06,622.0,639.79,620.31,632.65,5329197.0,0.0,1.0,622.0,639.79,620.31,632.65,5329197.0
2016-01-05,646.86,646.91,627.65,633.79,5822603.0,0.0,1.0,646.86,646.91,627.65,633.79,5822603.0
2016-01-04,656.29,657.715,627.51,636.99,9314519.0,0.0,1.0,656.29,657.715,627.51,636.99,9314519.0
